<?xml version="1.0"?>
<!DOCTYPE hibernate-mapping PUBLIC "-//Hibernate/Hibernate Mapping DTD 3.0//EN"
"http://www.hibernate.org/dtd/hibernate-mapping-3.0.dtd">
<!-- Generated Oct 19, 2018 12:40:57 PM by Hibernate Tools 4.3.1 -->
<hibernate-mapping>
    <class name="Shreya.School" table="school" catalog="Hiberdata" optimistic-lock="version">
        <id name="studentId" type="java.lang.Integer">
            <column name="StudentId" />
            <generator class="identity" />
        </id>
        <property name="studentName" type="string">
            <column name="StudentName" not-null="true" />
        </property>
        <property name="std" type="int">
            <column name="Std" not-null="true" />
        </property>
        <property name="divison" type="string">
            <column name="Divison" not-null="true" />
        </property>
        <property name="grade" type="string">
            <column name="Grade" not-null="true" />
        </property>
    </class>
</hibernate-mapping>
