<?xml version="1.0" encoding="UTF-8"?>
<Freshmarket>
    <BillingCounter>
        <Billno>110</Billno>
        <NoOfitems>10</NoOfitems>
        <Name>shreya</Name>
        <TotalAmoutPayed>5000</TotalAmoutPayed> 
    </BillingCounter>

    <BillingCounter>
        <Billno>111</Billno>
        <NoOfitems>20</NoOfitems>
        <Name>helly</Name>
        <TotalAmoutPayed>20000</TotalAmoutPayed> 
    </BillingCounter>
</Freshmarket>
        
    
    
    
    
    
    
    
    
    
    
    
    