<?xml version="1.0"?>
<!DOCTYPE hibernate-mapping PUBLIC "-//Hibernate/Hibernate Mapping DTD 3.0//EN"
"http://www.hibernate.org/dtd/hibernate-mapping-3.0.dtd">
<!-- Generated Oct 17, 2018 12:44:15 PM by Hibernate Tools 4.3.1 -->
<hibernate-mapping>
    <class name="model.book.Book" table="book" catalog="bookstore" optimistic-lock="version">
        <id name="bookId" type="java.lang.Integer">
            <column name="book_id" />
            <generator class="identity" />
        </id>
        <property name="title" type="string">
            <column name="title" length="128" not-null="true" unique="true" />
        </property>
        <property name="author" type="string">
            <column name="author" length="45" not-null="true" />
        </property>
        <property name="price" type="float">
            <column name="price" precision="12" scale="0" not-null="true" />
        </property>
    </class>
</hibernate-mapping>
